Date,Interest_Rate
15/11/1990,24.41
22/11/1990,25.02
29/11/1990,24.69
06/12/1990,25.64
13/12/1990,25.37
20/12/1990,25.01
27/12/1990,24.51
03/01/1991,24.26
10/01/1991,24.26
17/01/1991,24.69
24/01/1991,
31/01/1991,25.24
07/02/1991,
14/02/1991,24.69
21/02/1991,
28/02/1991,24.1
07/03/1991,
14/03/1991,22.83
20/03/1991,
27/03/1991,23.0
01/04/1991,
11/04/1991,21.95
18/04/1991,
25/04/1991,21.9
02/05/1991,22.0
09/05/1991,
16/05/1991,20.01
23/05/1991,
30/05/1991,18.16
06/06/1991,
13/06/1991,18.65
20/06/1991,
27/06/1991,18.38
04/07/1991,
11/07/1991,18.38
18/07/1991,
25/07/1991,18.38
01/08/1991,17.89
08/08/1991,
15/08/1991,17.6
22/08/1991,
29/08/1991,17.17
05/09/1991,
12/09/1991,17.95
19/09/1991,
26/09/1991,
03/10/1991,
10/10/1991,17.72
17/10/1991,17.27
24/10/1991,17.09
31/10/1991,16.91
07/11/1991,16.69
14/11/1991,16.43
21/11/1991,
28/11/1991,16.73
05/12/1991,
11/12/1991,16.47
19/12/1991,
26/12/1991,16.24
02/01/1992,15.9
09/01/1992,
16/01/1992,15.51
23/01/1992,
30/01/1992,
06/02/1992,15.59
13/02/1992,
20/02/1992,14.94
27/02/1992,
05/03/1992,12.97
12/03/1992,
19/03/1992,
26/03/1992,11.75
02/04/1992,
09/04/1992,
15/04/1992,11.75
23/04/1992,11.75
30/04/1992,11.95
07/05/1992,
14/05/1992,12.77
21/05/1992,
28/05/1992,13.21
04/06/1992,13.14
11/06/1992,13.62
18/06/1992,
25/06/1992,16.5
02/07/1992,
09/07/1992,16.0
16/07/1992,16.5
23/07/1992,16.5
30/07/1992,17.0
06/08/1992,18.0
13/08/1992,17.9
20/08/1992,17.9
27/08/1992,18.0
03/09/1992,18.49
10/09/1992,19.5
17/09/1992,19.51
24/09/1992,19.52
01/10/1992,19.52
08/10/1992,19.24
15/10/1992,19.6
22/10/1992,19.1
29/10/1992,19.24
05/11/1992,19.14
12/11/1992,18.63
19/11/1992,18.39
26/11/1992,18.63
03/12/1992,18.49
10/12/1992,18.75
17/12/1992,19.0
24/12/1992,19.05
30/12/1992,19.5
07/01/1993,19.0
14/01/1993,18.95
21/01/1993,18.85
28/01/1993,19.17
04/02/1993,19.44
11/02/1993,19.69
18/02/1993,19.86
25/02/1993,19.9
04/03/1993,19.6
11/03/1993,18.89
18/03/1993,18.59
25/03/1993,18.28
01/04/1993,17.12
07/04/1993,17.29
15/04/1993,17.42
22/04/1993,17.38
29/04/1993,16.58
06/05/1993,16.5
13/05/1993,16.79
20/05/1993,16.9
27/05/1993,16.76
03/06/1993,16.79
10/06/1993,16.72
17/06/1993,16.31
24/06/1993,15.97
01/07/1993,15.01
08/07/1993,15.15
15/07/1993,14.9
22/07/1993,14.43
29/07/1993,14.2
05/08/1993,14.26
12/08/1993,14.37
19/08/1993,13.98
26/08/1993,13.35
02/09/1993,13.24
09/09/1993,12.99
15/09/1993,13.2
23/09/1993,13.58
30/09/1993,14.05
07/10/1993,13.61
14/10/1993,13.81
21/10/1993,12.81
28/10/1993,12.57
04/11/1993,12.33
11/11/1993,13.37
18/11/1993,12.15
25/11/1993,11.61
02/12/1993,11.83
09/12/1993,11.57
16/12/1993,10.85
23/12/1993,10.46
30/12/1993,10.45
06/01/1994,10.41
13/01/1994,10.74
20/01/1994,10.66
27/01/1994,11.08
03/02/1994,10.82
10/02/1994,10.61
17/02/1994,10.24
24/02/1994,10.46
03/03/1994,10.77
10/03/1994,10.99
17/03/1994,11.71
24/03/1994,11.32
30/03/1994,12.04
07/04/1994,13.66
14/04/1994,14.41
21/04/1994,16.83
28/04/1994,15.74
04/05/1994,16.78
12/05/1994,
19/05/1994,16.55
26/05/1994,15.89
02/06/1994,15.49
09/06/1994,15.29
16/06/1994,15.58
23/06/1994,15.8
30/06/1994,15.71
07/07/1994,16.0
14/07/1994,16.74
21/07/1994,16.74
28/07/1994,15.85
04/08/1994,14.39
11/08/1994,13.85
18/08/1994,12.95
25/08/1994,12.43
01/09/1994,13.18
08/09/1994,13.64
15/09/1994,13.97
22/09/1994,13.41
29/09/1994,12.74
06/10/1994,13.15
13/10/1994,13.51
20/10/1994,13.86
27/10/1994,13.98
03/11/1994,14.04
10/11/1994,13.85
17/11/1994,14.33
24/11/1994,14.61
30/11/1994,14.56
08/12/1994,14.56
15/12/1994,14.97
22/12/1994,15.84
29/12/1994,
05/01/1995,
12/01/1995,32.99
19/01/1995,38.51
26/01/1995,34.94
02/02/1995,29.99
09/02/1995,31.79
16/02/1995,35.99
23/02/1995,46.98
02/03/1995,45.99
09/03/1995,50.04
16/03/1995,
23/03/1995,
30/03/1995,
06/04/1995,
12/04/1995,
20/04/1995,
27/04/1995,
04/05/1995,
11/05/1995,
18/05/1995,
25/05/1995,
01/06/1995,
08/06/1995,
15/06/1995,
22/06/1995,
29/06/1995,
06/07/1995,
13/07/1995,
20/07/1995,36.72
27/07/1995,37.5
03/08/1995,36.29
10/08/1995,36.11
17/08/1995,36.41
24/08/1995,36.71
31/08/1995,37.48
07/09/1995,36.89
14/09/1995,35.88
21/09/1995,34.8
28/09/1995,36.87
05/10/1995,40.43
11/10/1995,
19/10/1995,
26/10/1995,
01/11/1995,
09/11/1995,
16/11/1995,
23/11/1995,
30/11/1995,
07/12/1995,
14/12/1995,
21/12/1995,
28/12/1995,
04/01/1996,41.9
11/01/1996,40.39
18/01/1996,40.46
25/01/1996,40.03
01/02/1996,40.61
08/02/1996,41.42
15/02/1996,43.17
22/02/1996,44.36
29/02/1996,44.3
07/03/1996,45.47
14/03/1996,45.54
20/03/1996,42.52
28/03/1996,40.65
03/04/1996,39.28
11/04/1996,39.81
18/04/1996,36.3
25/04/1996,36.26
02/05/1996,36.86
09/05/1996,36.21
16/05/1996,33.77
23/05/1996,32.91
30/05/1996,31.72
06/06/1996,32.98
13/06/1996,34.06
20/06/1996,33.24
27/06/1996,33.37
04/07/1996,34.11
11/07/1996,34.83
18/07/1996,35.48
25/07/1996,34.3
01/08/1996,35.4
08/08/1996,32.75
15/08/1996,32.7
22/08/1996,31.0
29/08/1996,30.94
05/09/1996,32.43
12/09/1996,30.93
19/09/1996,29.18
26/09/1996,28.03
03/10/1996,27.39
10/10/1996,26.83
17/10/1996,28.65
24/10/1996,28.41
31/10/1996,28.63
07/11/1996,27.15
14/11/1996,27.12
21/11/1996,26.74
28/11/1996,26.5
05/12/1996,25.46
11/12/1996,25.59
19/12/1996,25.68
26/12/1996,25.75
02/01/1997,25.98
09/01/1997,26.0
16/01/1997,25.54
23/01/1997,25.86
30/01/1997,25.68
06/02/1997,25.3
13/02/1997,23.99
20/02/1997,23.4
27/02/1997,23.53
06/03/1997,24.49
13/03/1997,24.22
20/03/1997,23.96
26/03/1997,23.44
03/04/1997,23.9
10/04/1997,23.94
17/04/1997,24.29
24/04/1997,23.72
30/04/1997,24.35
08/05/1997,23.17
15/05/1997,23.06
22/05/1997,22.74
29/05/1997,22.99
05/06/1997,22.92
12/06/1997,22.96
19/06/1997,22.2
26/06/1997,22.08
03/07/1997,21.16
10/07/1997,20.24
17/07/1997,20.94
24/07/1997,20.83
31/07/1997,20.24
07/08/1997,20.52
14/08/1997,20.84
21/08/1997,21.02
28/08/1997,22.08
04/09/1997,21.31
11/09/1997,21.5
18/09/1997,21.8
25/09/1997,20.01
02/10/1997,19.81
09/10/1997,19.57
16/10/1997,19.41
23/10/1997,18.7
30/10/1997,22.91
06/11/1997,21.36
13/11/1997,22.83
19/11/1997,21.96
27/11/1997,21.78
04/12/1997,19.84
11/12/1997,20.19
18/12/1997,19.9
24/12/1997,20.17
31/12/1997,19.85
08/01/1998,19.21
15/01/1998,20.03
22/01/1998,20.13
29/01/1998,20.19
04/02/1998,20.13
12/02/1998,20.35
19/02/1998,20.45
26/02/1998,20.73
05/03/1998,20.84
12/03/1998,21.09
19/03/1998,22.67
26/03/1998,20.87
02/04/1998,20.83
08/04/1998,20.79
16/04/1998,20.43
23/04/1998,19.95
30/04/1998,20.4
07/05/1998,20.24
14/05/1998,20.33
21/05/1998,20.91
28/05/1998,22.27
04/06/1998,21.93
11/06/1998,22.24
18/06/1998,24.0
25/06/1998,24.48
02/07/1998,25.95
09/07/1998,24.82
16/07/1998,22.91
23/07/1998,23.37
30/07/1998,24.83
06/08/1998,25.7
13/08/1998,27.23
20/08/1998,27.65
27/08/1998,31.0
03/09/1998,
10/09/1998,
17/09/1998,
24/09/1998,
01/10/1998,
08/10/1998,
15/10/1998,
22/10/1998,
29/10/1998,
05/11/1998,
12/11/1998,
19/11/1998,
26/11/1998,
03/12/1998,
10/12/1998,
17/12/1998,
24/12/1998,
31/12/1998,
07/01/1999,
14/01/1999,29.99
21/01/1999,31.84
28/01/1999,31.71
04/02/1999,29.72
11/02/1999,28.69
18/02/1999,27.31
25/02/1999,27.01
04/03/1999,26.96
11/03/1999,25.8
18/03/1999,23.93
25/03/1999,24.6
31/03/1999,23.69
08/04/1999,23.13
15/04/1999,23.61
22/04/1999,23.38
29/04/1999,22.62
06/05/1999,22.4
13/05/1999,22.29
20/05/1999,22.66
27/05/1999,23.32
03/06/1999,23.72
10/06/1999,23.52
17/06/1999,23.76
24/06/1999,22.9
01/07/1999,23.02
08/07/1999,
15/07/1999,23.15
22/07/1999,
29/07/1999,24.31
05/08/1999,
12/08/1999,26.48
19/08/1999,
26/08/1999,24.44
02/09/1999,
09/09/1999,24.34
15/09/1999,
23/09/1999,23.58
30/09/1999,
07/10/1999,23.07
14/10/1999,
21/10/1999,22.46
28/10/1999,
04/11/1999,21.39
11/11/1999,
18/11/1999,19.7
25/11/1999,
02/12/1999,18.7
09/12/1999,
16/12/1999,18.68
23/12/1999,
30/12/1999,18.67
06/01/2000,
13/01/2000,
20/01/2000,
27/01/2000,18.82
03/02/2000,
10/02/2000,
17/02/2000,
24/02/2000,17.27
02/03/2000,
09/03/2000,
16/03/2000,
23/03/2000,15.89
30/03/2000,
06/04/2000,
13/04/2000,
19/04/2000,17.04
27/04/2000,
04/05/2000,
11/05/2000,
18/05/2000,17.61
25/05/2000,
01/06/2000,
08/06/2000,
15/06/2000,16.88
22/06/2000,
29/06/2000,
06/07/2000,
13/07/2000,15.84
20/07/2000,
27/07/2000,
03/08/2000,
10/08/2000,16.95
17/08/2000,
24/08/2000,
31/08/2000,
07/09/2000,16.11
14/09/2000,
21/09/2000,
28/09/2000,
05/10/2000,16.66
12/10/2000,
19/10/2000,
26/10/2000,
01/11/2000,17.29
09/11/2000,
16/11/2000,
23/11/2000,
30/11/2000,16.83
07/12/2000,
14/12/2000,
21/12/2000,
28/12/2000,17.01
04/01/2001,
11/01/2001,
18/01/2001,
25/01/2001,17.89
01/02/2001,
08/02/2001,
15/02/2001,
22/02/2001,17.93
01/03/2001,
08/03/2001,
15/03/2001,
22/03/2001,16.68
29/03/2001,
05/04/2001,
11/04/2001,
19/04/2001,15.43
26/04/2001,
03/05/2001,
10/05/2001,
17/05/2001,14.24
24/05/2001,
31/05/2001,
07/06/2001,
14/06/2001,11.94
21/06/2001,
28/06/2001,
05/07/2001,
12/07/2001,12.82
19/07/2001,
26/07/2001,
02/08/2001,
09/08/2001,11.44
16/08/2001,
23/08/2001,
30/08/2001,
06/09/2001,12.49
13/09/2001,
20/09/2001,
27/09/2001,
04/10/2001,12.78
11/10/2001,
18/10/2001,
25/10/2001,
01/11/2001,11.96
08/11/2001,
15/11/2001,
22/11/2001,
29/11/2001,10.86
06/12/2001,
13/12/2001,
20/12/2001,
27/12/2001,10.08
03/01/2002,
10/01/2002,
17/01/2002,
24/01/2002,9.07
31/01/2002,
07/02/2002,
14/02/2002,
21/02/2002,9.11
28/02/2002,
07/03/2002,
14/03/2002,
20/03/2002,8.0
27/03/2002,
04/04/2002,
11/04/2002,
18/04/2002,7.34
25/04/2002,
02/05/2002,
09/05/2002,
16/05/2002,7.71
23/05/2002,
30/05/2002,
06/06/2002,
13/06/2002,8.12
20/06/2002,
27/06/2002,
04/07/2002,
11/07/2002,8.76
18/07/2002,
25/07/2002,
01/08/2002,
08/08/2002,8.56
15/08/2002,
22/08/2002,
29/08/2002,
05/09/2002,8.48
12/09/2002,
19/09/2002,
26/09/2002,
03/10/2002,9.52
10/10/2002,
17/10/2002,
24/10/2002,
31/10/2002,9.78
07/11/2002,
14/11/2002,
21/11/2002,
28/11/2002,9.17
05/12/2002,
11/12/2002,
19/12/2002,
26/12/2002,8.38
02/01/2003,
09/01/2003,
16/01/2003,
23/01/2003,9.84
30/01/2003,
06/02/2003,
13/02/2003,
20/02/2003,9.16
27/02/2003,
06/03/2003,
13/03/2003,
20/03/2003,9.12
27/03/2003,
03/04/2003,
10/04/2003,
16/04/2003,8.3
24/04/2003,
30/04/2003,
08/05/2003,
15/05/2003,6.6
22/05/2003,
29/05/2003,
05/06/2003,
12/06/2003,6.49
19/06/2003,
26/06/2003,
03/07/2003,
10/07/2003,6.59
17/07/2003,
24/07/2003,
31/07/2003,
07/08/2003,6.61
14/08/2003,
21/08/2003,
28/08/2003,
04/09/2003,6.31
11/09/2003,
18/09/2003,
25/09/2003,
02/10/2003,5.94
09/10/2003,
16/10/2003,
23/10/2003,
30/10/2003,5.89
06/11/2003,
13/11/2003,
19/11/2003,
27/11/2003,6.42
04/12/2003,
11/12/2003,
18/12/2003,
24/12/2003,6.95
31/12/2003,
08/01/2004,
15/01/2004,
22/01/2004,5.75
29/01/2004,
04/02/2004,
12/02/2004,
19/02/2004,6.26
26/02/2004,
04/03/2004,
11/03/2004,
18/03/2004,6.66
25/03/2004,
01/04/2004,
07/04/2004,
15/04/2004,6.18
22/04/2004,
29/04/2004,
06/05/2004,
13/05/2004,8.06
20/05/2004,
27/05/2004,
03/06/2004,
10/06/2004,8.23
17/06/2004,
24/06/2004,
01/07/2004,
08/07/2004,8.22
15/07/2004,
22/07/2004,
29/07/2004,
05/08/2004,8.55
12/08/2004,
19/08/2004,
26/08/2004,
02/09/2004,8.49
09/09/2004,
15/09/2004,
23/09/2004,
30/09/2004,8.61
07/10/2004,
14/10/2004,
21/10/2004,
28/10/2004,8.67
04/11/2004,
11/11/2004,
18/11/2004,
25/11/2004,9.08
02/12/2004,
09/12/2004,
16/12/2004,
23/12/2004,8.58
30/12/2004,
06/01/2005,
13/01/2005,
20/01/2005,8.61
27/01/2005,
03/02/2005,
10/02/2005,
17/02/2005,9.21
24/02/2005,
03/03/2005,
10/03/2005,
17/03/2005,9.88
23/03/2005,
31/03/2005,
07/04/2005,
14/04/2005,10.26
21/04/2005,
28/04/2005,
05/05/2005,
12/05/2005,10.18
19/05/2005,
26/05/2005,
02/06/2005,
09/06/2005,9.67
16/06/2005,
23/06/2005,
30/06/2005,
07/07/2005,9.59
14/07/2005,
21/07/2005,
04/08/2005,9.6
11/08/2005,
18/08/2005,
25/08/2005,
01/09/2005,9.19
08/09/2005,
15/09/2005,
22/09/2005,
29/09/2005,8.67
06/10/2005,
13/10/2005,
20/10/2005,
27/10/2005,8.81
03/11/2005,
10/11/2005,
17/11/2005,
24/11/2005,8.52
01/12/2005,
08/12/2005,
15/12/2005,
22/12/2005,7.92
29/12/2005,
05/01/2006,
12/01/2006,
19/01/2006,7.68
26/01/2006,
02/02/2006,
09/02/2006,
16/02/2006,7.52
23/02/2006,
02/03/2006,
09/03/2006,
16/03/2006,7.55
23/03/2006,
30/03/2006,
06/04/2006,
12/04/2006,7.71
20/04/2006,
27/04/2006,
04/05/2006,
11/05/2006,7.42
18/05/2006,
25/05/2006,
01/06/2006,
08/06/2006,7.56
15/06/2006,
22/06/2006,
29/06/2006,
06/07/2006,7.49
13/07/2006,
20/07/2006,
27/07/2006,
03/08/2006,7.54
10/08/2006,
17/08/2006,
24/08/2006,
31/08/2006,7.4
07/09/2006,
14/09/2006,
21/09/2006,
28/09/2006,7.53
05/10/2006,
26/10/2006,7.48
23/11/2006,7.28
21/12/2006,7.25
18/01/2007,7.46
15/02/2007,7.36
15/03/2007,7.52
12/04/2007,7.36
10/05/2007,7.6
07/06/2007,7.56
05/07/2007,7.51
02/08/2007,7.59
30/08/2007,7.64
27/09/2007,7.68
25/10/2007,7.65
22/11/2007,7.86
20/12/2007,7.85
17/01/2008,7.8
14/02/2008,7.43
13/03/2008,7.48
10/04/2008,7.6
08/05/2008,7.83
05/06/2008,7.89
03/07/2008,8.55
31/07/2008,8.72
28/08/2008,8.69
25/09/2008,8.66
23/10/2008,8.34
20/11/2008,8.51
18/12/2008,8.05
15/01/2009,7.24
12/02/2009,7.14
12/03/2009,7.48
08/04/2009,6.12
07/05/2009,5.41
04/06/2009,5.19
02/07/2009,5.17
30/07/2009,5.06
27/08/2009,5.13
24/09/2009,5.35
22/10/2009,5.39
05/11/2009,
12/11/2009,
19/11/2009,5.22
26/11/2009,
03/12/2009,
10/12/2009,
17/12/2009,5.07
24/12/2009,
31/12/2009,
07/01/2010,
14/01/2010,4.98
21/01/2010,
28/01/2010,
04/02/2010,
11/02/2010,5.0
18/02/2010,
25/02/2010,
04/03/2010,
11/03/2010,5.07
18/03/2010,
25/03/2010,
31/03/2010,
08/04/2010,5.09
15/04/2010,
22/04/2010,
29/04/2010,
06/05/2010,4.95
13/05/2010,
20/05/2010,
27/05/2010,
03/06/2010,4.86
10/06/2010,
17/06/2010,
24/06/2010,
01/07/2010,4.77
08/07/2010,
15/07/2010,
22/07/2010,
29/07/2010,4.81
05/08/2010,
12/08/2010,
19/08/2010,
26/08/2010,4.77
02/09/2010,
09/09/2010,
15/09/2010,
23/09/2010,4.74
30/09/2010,
07/10/2010,
14/10/2010,
21/10/2010,4.65
28/10/2010,
04/11/2010,
11/11/2010,
18/11/2010,4.52
25/11/2010,
02/12/2010,
09/12/2010,
16/12/2010,4.85
23/12/2010,
30/12/2010,
06/01/2011,
13/01/2011,4.76
20/01/2011,
27/01/2011,
03/02/2011,
10/02/2011,4.81
17/02/2011,
24/02/2011,
03/03/2011,
10/03/2011,4.75
17/03/2011,
24/03/2011,
31/03/2011,
07/04/2011,4.92
14/04/2011,
20/04/2011,
28/04/2011,
05/05/2011,4.84
12/05/2011,
19/05/2011,
26/05/2011,
02/06/2011,4.69
09/06/2011,
16/06/2011,
23/06/2011,
30/06/2011,4.75
07/07/2011,
14/07/2011,
21/07/2011,
28/07/2011,4.64
04/08/2011,
11/08/2011,
18/08/2011,
25/08/2011,4.52
01/09/2011,
08/09/2011,
15/09/2011,
22/09/2011,4.45
29/09/2011,
06/10/2011,
13/10/2011,
20/10/2011,4.4
27/10/2011,
03/11/2011,
10/11/2011,
17/11/2011,4.46
24/11/2011,
01/12/2011,
08/12/2011,
15/12/2011,4.57
22/12/2011,
29/12/2011,
05/01/2012,
12/01/2012,4.7
19/01/2012,
26/01/2012,
02/02/2012,
09/02/2012,4.6
16/02/2012,
23/02/2012,
01/03/2012,
08/03/2012,4.63
15/03/2012,
22/03/2012,
29/03/2012,
04/04/2012,4.57
12/04/2012,
19/04/2012,
26/04/2012,
03/05/2012,4.6
10/05/2012,
17/05/2012,
24/05/2012,
31/05/2012,4.59
07/06/2012,
14/06/2012,
21/06/2012,
28/06/2012,4.6
05/07/2012,
12/07/2012,
19/07/2012,
26/07/2012,4.58
02/08/2012,
09/08/2012,
16/08/2012,
23/08/2012,4.58
30/08/2012,
06/09/2012,
13/09/2012,
20/09/2012,4.59
27/09/2012,
04/10/2012,
11/10/2012,
18/10/2012,4.63
25/10/2012,
01/11/2012,
08/11/2012,
15/11/2012,4.76
22/11/2012,
29/11/2012,
06/12/2012,
13/12/2012,4.61
20/12/2012,
27/12/2012,
03/01/2013,
10/01/2013,4.59
17/01/2013,
24/01/2013,
31/01/2013,
07/02/2013,4.31
14/02/2013,
21/02/2013,
28/02/2013,
07/03/2013,4.22
14/03/2013,
21/03/2013,
27/03/2013,
04/04/2013,4.1
11/04/2013,
18/04/2013,
25/04/2013,
02/05/2013,3.95
09/05/2013,
16/05/2013,
23/05/2013,
30/05/2013,4.01
06/06/2013,
13/06/2013,
20/06/2013,
27/06/2013,4.08
04/07/2013,
11/07/2013,
18/07/2013,
25/07/2013,4.0
01/08/2013,
08/08/2013,
15/08/2013,
22/08/2013,4.0
29/08/2013,
05/09/2013,
12/09/2013,
19/09/2013,3.7
26/09/2013,
03/10/2013,
10/10/2013,
17/10/2013,3.53
24/10/2013,
31/10/2013,
07/11/2013,
14/11/2013,3.6
21/11/2013,
28/11/2013,
05/12/2013,
11/12/2013,3.64
19/12/2013,
26/12/2013,
02/01/2014,
09/01/2014,3.65
16/01/2014,
23/01/2014,
30/01/2014,
06/02/2014,3.78
13/02/2014,
20/02/2014,
27/02/2014,
06/03/2014,3.67
13/03/2014,
20/03/2014,
27/03/2014,
03/04/2014,3.67
10/04/2014,
16/04/2014,
24/04/2014,
30/04/2014,3.64
08/05/2014,
15/05/2014,
22/05/2014,
29/05/2014,3.61
05/06/2014,
12/06/2014,
19/06/2014,
26/06/2014,3.1
03/07/2014,
10/07/2014,
17/07/2014,
24/07/2014,3.03
31/07/2014,
07/08/2014,
14/08/2014,
21/08/2014,3.01
28/08/2014,
04/09/2014,
11/09/2014,
18/09/2014,3.09
25/09/2014,
02/10/2014,
09/10/2014,
16/10/2014,3.17
23/10/2014,
30/10/2014,
06/11/2014,
13/11/2014,3.17
20/11/2014,
27/11/2014,
04/12/2014,
11/12/2014,3.22
18/12/2014,
24/12/2014,
31/12/2014,
08/01/2015,3.23
15/01/2015,
22/01/2015,
29/01/2015,
05/02/2015,3.21
12/02/2015,
19/02/2015,
26/02/2015,
05/03/2015,3.53
12/03/2015,
19/03/2015,
26/03/2015,
01/04/2015,3.62
09/04/2015,
16/04/2015,
23/04/2015,
30/04/2015,3.37
07/05/2015,
14/05/2015,
21/05/2015,
28/05/2015,3.5
04/06/2015,
11/06/2015,
18/06/2015,
25/06/2015,3.54
02/07/2015,
09/07/2015,
16/07/2015,
23/07/2015,3.62
30/07/2015,
06/08/2015,
13/08/2015,
20/08/2015,3.7
27/08/2015,
03/09/2015,
10/09/2015,
17/09/2015,3.71
24/09/2015,
01/10/2015,
08/10/2015,
15/10/2015,3.53
22/10/2015,
29/10/2015,
05/11/2015,
12/11/2015,3.69
19/11/2015,
26/11/2015,
03/12/2015,
10/12/2015,3.68
17/12/2015,
24/12/2015,
31/12/2015,
07/01/2016,3.58
14/01/2016,
21/01/2016,
28/01/2016,
04/02/2016,3.53
11/02/2016,
18/02/2016,
25/02/2016,
03/03/2016,4.11
10/03/2016,
17/03/2016,
23/03/2016,
31/03/2016,4.11
07/04/2016,
14/04/2016,
21/04/2016,
28/04/2016,4.03
05/05/2016,
12/05/2016,
19/05/2016,
26/05/2016,4.47
02/06/2016,
09/06/2016,
16/06/2016,
23/06/2016,4.46
30/06/2016,
07/07/2016,
14/07/2016,
21/07/2016,4.79
28/07/2016,
04/08/2016,
11/08/2016,
18/08/2016,4.75
25/08/2016,
01/09/2016,
08/09/2016,
15/09/2016,4.87
22/09/2016,
29/09/2016,
06/10/2016,
13/10/2016,5.22
20/10/2016,
27/10/2016,
03/11/2016,
10/11/2016,5.31
17/11/2016,
24/11/2016,
01/12/2016,
08/12/2016,6.2
15/12/2016,
22/12/2016,
29/12/2016,
05/01/2017,6.68
12/01/2017,
19/01/2017,
26/01/2017,
02/02/2017,6.92
09/02/2017,
16/02/2017,
23/02/2017,
02/03/2017,6.92
09/03/2017,
16/03/2017,
23/03/2017,
30/03/2017,6.9
06/04/2017,
12/04/2017,
20/04/2017,
27/04/2017,6.99
04/05/2017,
11/05/2017,
18/05/2017,
25/05/2017,7.23
01/06/2017,
08/06/2017,
15/06/2017,
22/06/2017,7.2
29/06/2017,
06/07/2017,
13/07/2017,
20/07/2017,7.23
27/07/2017,
03/08/2017,
10/08/2017,
17/08/2017,7.22
24/08/2017,
31/08/2017,
07/09/2017,
14/09/2017,7.18
21/09/2017,
28/09/2017,
05/10/2017,
12/10/2017,7.18
19/10/2017,
26/10/2017,
01/11/2017,
09/11/2017,7.27
16/11/2017,
23/11/2017,
30/11/2017,
07/12/2017,7.33
14/12/2017,
21/12/2017,
28/12/2017,
04/01/2018,7.78
11/01/2018,
18/01/2018,
25/01/2018,
01/02/2018,7.7
08/02/2018,
15/02/2018,
22/02/2018,
01/03/2018,7.85
08/03/2018,
15/03/2018,
22/03/2018,
28/03/2018,7.8
05/04/2018,
12/04/2018,
19/04/2018,
26/04/2018,7.71
03/05/2018,
10/05/2018,
17/05/2018,
24/05/2018,7.94
31/05/2018,
07/06/2018,
14/06/2018,
21/06/2018,8.1
28/06/2018,
05/07/2018,
12/07/2018,
19/07/2018,8.19
26/07/2018,
02/08/2018,
09/08/2018,
16/08/2018,8.15
23/08/2018,
30/08/2018,
06/09/2018,
13/09/2018,8.26
20/09/2018,
27/09/2018,
04/10/2018,
11/10/2018,8.2
18/10/2018,
25/10/2018,
01/11/2018,
08/11/2018,8.49
15/11/2018,
22/11/2018,
29/11/2018,
06/12/2018,8.67
13/12/2018,
20/12/2018,
27/12/2018,
03/01/2019,
10/01/2019,8.62
17/01/2019,
24/01/2019,
31/01/2019,8.42
07/02/2019,
14/02/2019,
21/02/2019,
28/02/2019,8.2
07/03/2019,
14/03/2019,
21/03/2019,
28/03/2019,8.05
04/04/2019,
11/04/2019,
17/04/2019,
25/04/2019,8.15
02/05/2019,
09/05/2019,
16/05/2019,
23/05/2019,8.28
30/05/2019,
06/06/2019,
13/06/2019,
20/06/2019,8.16
27/06/2019,
04/07/2019,
11/07/2019,
18/07/2019,8.04
25/07/2019,
01/08/2019,
08/08/2019,
15/08/2019,7.78
22/08/2019,
29/08/2019,
05/09/2019,
12/09/2019,7.39
19/09/2019,
26/09/2019,
03/10/2019,
10/10/2019,7.18
17/10/2019,
24/10/2019,
31/10/2019,
07/11/2019,7.12
14/11/2019,
21/11/2019,
28/11/2019,
05/12/2019,7.18
11/12/2019,
19/12/2019,
26/12/2019,
02/01/2020,7.18
09/01/2020,
16/01/2020,
23/01/2020,
30/01/2020,6.97
06/02/2020,
13/02/2020,
20/02/2020,
27/02/2020,6.66
05/03/2020,
12/03/2020,
19/03/2020,
26/03/2020,6.61
02/04/2020,
08/04/2020,
16/04/2020,
23/04/2020,5.79
30/04/2020,
07/05/2020,
14/05/2020,
21/05/2020,5.03
28/05/2020,
04/06/2020,
11/06/2020,
18/06/2020,4.9
25/06/2020,
02/07/2020,4.69
09/07/2020,4.62
16/07/2020,4.61
23/07/2020,4.6
30/07/2020,4.54
06/08/2020,4.5
13/08/2020,4.44
20/08/2020,4.49
27/08/2020,4.48
03/09/2020,4.46
10/09/2020,4.5
17/09/2020,4.46
24/09/2020,4.36
01/10/2020,4.36
08/10/2020,4.37
15/10/2020,4.38
22/10/2020,4.35
29/10/2020,4.39
05/11/2020,4.35
12/11/2020,4.28
19/11/2020,4.5
26/11/2020,4.31
03/12/2020,4.42
10/12/2020,4.36
17/12/2020,4.33
24/12/2020,4.21
31/12/2020,4.29
07/01/2021,4.23
14/01/2021,4.2
21/01/2021,4.2
28/01/2021,4.22
04/02/2021,4.25
11/02/2021,4.21
18/02/2021,4.04
25/02/2021,4.08
04/03/2021,4.18
11/03/2021,4.28
18/03/2021,4.44
25/03/2021,4.45
31/03/2021,4.7
08/04/2021,4.65
15/04/2021,4.59
22/04/2021,4.63
29/04/2021,4.68
06/05/2021,4.75
13/05/2021,4.67
20/05/2021,4.82
27/05/2021,4.87
03/06/2021,4.78
10/06/2021,4.75
17/06/2021,4.67
24/06/2021,5.0
01/07/2021,5.48
08/07/2021,5.35
15/07/2021,5.5
22/07/2021,5.43
29/07/2021,5.54
05/08/2021,5.48
12/08/2021,5.52
19/08/2021,5.46
26/08/2021,5.4
02/09/2021,5.35
09/09/2021,5.5
15/09/2021,5.45
23/09/2021,5.5
30/09/2021,5.75
07/10/2021,6.09
14/10/2021,6.09
21/10/2021,6.34
28/10/2021,6.37
04/11/2021,6.5
11/11/2021,6.54
18/11/2021,6.27
25/11/2021,6.59
02/12/2021,6.56
09/12/2021,6.48
16/12/2021,6.5
23/12/2021,6.9
30/12/2021,6.95
06/01/2022,7.03
13/01/2022,7.03
20/01/2022,6.95
27/01/2022,6.92
03/02/2022,6.96
10/02/2022,7.0
17/02/2022,7.37
24/02/2022,7.32
03/03/2022,7.45
10/03/2022,8.05
17/03/2022,8.1
24/03/2022,8.3
31/03/2022,8.29
07/04/2022,8.4
13/04/2022,8.52
21/04/2022,8.51
28/04/2022,8.79
05/05/2022,8.91
12/05/2022,8.71
19/05/2022,8.86
26/05/2022,8.87
02/06/2022,9.07
09/06/2022,9.29
16/06/2022,9.55
23/06/2022,9.59
30/06/2022,9.73
07/07/2022,9.69
14/07/2022,9.68
21/07/2022,9.82
28/07/2022,9.66
04/08/2022,9.41
11/08/2022,9.53
18/08/2022,9.66
25/08/2022,9.79
01/09/2022,9.98
08/09/2022,10.02
15/09/2022,10.1
22/09/2022,10.34
29/09/2022,10.93
